Error,Failed to call the API. Status code: NotFound
Error,Failed to call the API. Status code: NotFound
Error,Failed to call the API. Status code: NotFound
Error,Failed to call the API. Status code: NotFound
Error,Failed to call the API. Status code: NotFound
Error,Failed to call the API. Status code: NotFound
Error,Failed to call the API. Status code: NotFound
Error,Failed to call the API. Status code: NotFound
Error,Failed to call the API. Status code: NotFound
Error,Failed to call the API. Status code: NotFound
Error,Failed to call the API. Status code: NotFound
Error,Failed to call the API. Status code: NotFound
Error,Failed to call the API. Status code: NotFound
Error,Failed to call the API. Status code: NotFound
Error,Failed to call the API. Status code: NotFound
Error,Failed to call the API. Status code: NotFound
Error,Failed to call the API. Status code: NotFound
Error,Failed to call the API. Status code: NotFound
Error,Failed to call the API. Status code: NotFound
Error,Failed to call the API. Status code: NotFound
Error,Failed to call the API. Status code: NotFound
Error,Failed to call the API. Status code: NotFound
Error,Failed to call the API. Status code: NotFound
Error,Failed to call the API. Status code: NotFound
Error,Failed to call the API. Status code: NotFound
Error,Failed to call the API. Status code: NotFound
Error,Failed to call the API. Status code: NotFound
Error,Failed to call the API. Status code: NotFound
Error,Failed to call the API. Status code: NotFound
Error,Failed to call the API. Status code: NotFound
Error,Failed to call the API. Status code: NotFound
Error,Failed to call the API. Status code: NotFound
Error,Failed to call the API. Status code: NotFound
Error,Failed to call the API. Status code: NotFound
Error,Failed to call the API. Status code: NotFound
Error,Failed to call the API. Status code: NotFound
Error,Failed to call the API. Status code: NotFound
Error,Failed to call the API. Status code: NotFound
Error,Failed to call the API. Status code: NotFound
Error,Failed to call the API. Status code: NotFound
Error,Failed to call the API. Status code: NotFound
Error,Failed to call the API. Status code: NotFound
Error,Failed to call the API. Status code: NotFound
Error,Failed to call the API. Status code: NotFound
Error,Failed to call the API. Status code: NotFound
Error,Failed to call the API. Status code: NotFound
Error,Failed to call the API. Status code: NotFound
Error,Failed to call the API. Status code: NotFound
Error,Failed to call the API. Status code: NotFound
Error,Failed to call the API. Status code: NotFound
Error,Failed to call the API. Status code: NotFound
Error,Failed to call the API. Status code: NotFound
Error,Failed to call the API. Status code: NotFound
Error,Failed to call the API. Status code: NotFound
Error,Failed to call the API. Status code: NotFound
Error,Failed to call the API. Status code: NotFound
Error,Failed to call the API. Status code: NotFound
Error,Failed to call the API. Status code: NotFound
Error,Failed to call the API. Status code: NotFound
Error,Failed to call the API. Status code: NotFound
Error,Failed to call the API. Status code: NotFound
Error,Failed to call the API. Status code: NotFound
Error,Failed to call the API. Status code: NotFound
Error,Failed to call the API. Status code: NotFound
Error,Failed to call the API. Status code: NotFound
Error,Failed to call the API. Status code: NotFound
Error,Failed to call the API. Status code: NotFound
Error,Failed to call the API. Status code: NotFound
Error,Failed to call the API. Status code: NotFound
Error,Failed to call the API. Status code: NotFound
Error,Failed to call the API. Status code: NotFound
Error,Failed to call the API. Status code: NotFound
Error,Failed to call the API. Status code: NotFound
Error,Failed to call the API. Status code: NotFound
Error,Failed to call the API. Status code: NotFound
Error,Failed to call the API. Status code: NotFound
Error,Failed to call the API. Status code: NotFound
Error,Failed to call the API. Status code: NotFound
Error,Failed to call the API. Status code: NotFound
Error,Failed to call the API. Status code: NotFound
Error,Failed to call the API. Status code: NotFound
Error,Failed to call the API. Status code: NotFound
Error,Failed to call the API. Status code: NotFound
Error,Failed to call the API. Status code: NotFound
Error,Failed to call the API. Status code: NotFound
Error,Failed to call the API. Status code: NotFound
Error,Failed to call the API. Status code: NotFound
Error,Failed to call the API. Status code: NotFound
Error,Failed to call the API. Status code: NotFound
Error,Failed to call the API. Status code: NotFound
Error,Failed to call the API. Status code: NotFound
Error,Failed to call the API. Status code: NotFound
Error,Failed to call the API. Status code: NotFound
Error,Failed to call the API. Status code: NotFound
Error,Failed to call the API. Status code: NotFound
Error,Failed to call the API. Status code: NotFound
Error,Failed to call the API. Status code: NotFound
Error,Failed to call the API. Status code: NotFound
Error,Failed to call the API. Status code: NotFound
Error,Failed to call the API. Status code: NotFound
Error,Failed to call the API. Status code: NotFound
Error,Failed to call the API. Status code: NotFound
Error,Failed to call the API. Status code: NotFound
Error,Failed to call the API. Status code: NotFound
Error,Failed to call the API. Status code: NotFound
Error,Failed to call the API. Status code: NotFound
Error,Failed to call the API. Status code: NotFound
Error,Failed to call the API. Status code: NotFound
Error,Failed to call the API. Status code: NotFound
Error,Failed to call the API. Status code: NotFound
Error,Failed to call the API. Status code: NotFound
Error,Failed to call the API. Status code: NotFound
Error,Failed to call the API. Status code: NotFound
Error,Failed to call the API. Status code: NotFound
Error,Failed to call the API. Status code: NotFound
Error,Failed to call the API. Status code: NotFound
Error,Failed to call the API. Status code: NotFound
Error,Failed to call the API. Status code: NotFound
Error,Failed to call the API. Status code: NotFound
Error,Failed to call the API. Status code: NotFound
Error,Failed to call the API. Status code: NotFound
Error,Failed to call the API. Status code: NotFound
Error,Failed to call the API. Status code: NotFound
Error,Failed to call the API. Status code: NotFound
Error,Failed to call the API. Status code: NotFound
Error,Failed to call the API. Status code: NotFound
Error,Failed to call the API. Status code: NotFound
Error,Failed to call the API. Status code: NotFound
Error,Failed to call the API. Status code: NotFound
Error,Failed to call the API. Status code: NotFound
Error,Failed to call the API. Status code: NotFound
Error,Failed to call the API. Status code: NotFound
Error,Failed to call the API. Status code: NotFound
Error,Failed to call the API. Status code: NotFound
Error,Failed to call the API. Status code: NotFound
Error,Failed to call the API. Status code: NotFound
Error,Failed to call the API. Status code: NotFound
Error,Failed to call the API. Status code: NotFound
Error,Failed to call the API. Status code: NotFound
Error,Failed to call the API. Status code: NotFound
Error,Failed to call the API. Status code: NotFound
Error,Failed to call the API. Status code: NotFound
Error,Failed to call the API. Status code: NotFound
Error,Failed to call the API. Status code: NotFound
Error,Failed to call the API. Status code: NotFound
Error,Failed to call the API. Status code: NotFound
Error,Failed to call the API. Status code: NotFound
Error,Failed to call the API. Status code: NotFound
Error,Failed to call the API. Status code: NotFound
Error,Failed to call the API. Status code: NotFound
Error,Failed to call the API. Status code: NotFound
Error,Failed to call the API. Status code: NotFound
Error,Failed to call the API. Status code: NotFound
Error,Failed to call the API. Status code: NotFound
Error,Failed to call the API. Status code: NotFound
Error,Failed to call the API. Status code: NotFound
Error,Failed to call the API. Status code: NotFound
Error,Failed to call the API. Status code: NotFound
Error,Failed to call the API. Status code: NotFound
Error,Failed to call the API. Status code: NotFound
Error,Failed to call the API. Status code: NotFound
Error,Failed to call the API. Status code: NotFound
Error,Failed to call the API. Status code: NotFound
Error,Failed to call the API. Status code: NotFound
Error,Failed to call the API. Status code: NotFound
Error,Failed to call the API. Status code: NotFound
Error,Failed to call the API. Status code: NotFound
Error,Failed to call the API. Status code: NotFound
Error,Failed to call the API. Status code: NotFound
Error,Failed to call the API. Status code: NotFound
Error,Failed to call the API. Status code: NotFound
Error,Failed to call the API. Status code: NotFound
Error,Failed to call the API. Status code: NotFound
Error,Failed to call the API. Status code: NotFound
Error,Failed to call the API. Status code: NotFound
Error,Failed to call the API. Status code: NotFound
Error,Failed to call the API. Status code: NotFound
Error,Failed to call the API. Status code: NotFound
Error,Failed to call the API. Status code: NotFound
Error,Failed to call the API. Status code: NotFound
Error,Failed to call the API. Status code: NotFound
Error,Failed to call the API. Status code: NotFound
Error,Failed to call the API. Status code: NotFound
Error,Failed to call the API. Status code: NotFound
Error,Failed to call the API. Status code: NotFound
Error,Failed to call the API. Status code: NotFound
Error,Failed to call the API. Status code: NotFound
Error,Failed to call the API. Status code: NotFound
Error,Failed to call the API. Status code: NotFound
Error,Failed to call the API. Status code: NotFound
Error,Failed to call the API. Status code: NotFound
Error,Failed to call the API. Status code: NotFound
Error,Failed to call the API. Status code: NotFound
Error,Failed to call the API. Status code: NotFound
Error,Failed to call the API. Status code: NotFound
Error,Failed to call the API. Status code: NotFound
Error,Failed to call the API. Status code: NotFound
Error,Failed to call the API. Status code: NotFound
Error,Failed to call the API. Status code: NotFound
Error,Failed to call the API. Status code: NotFound
Error,Failed to call the API. Status code: NotFound
Error,Failed to call the API. Status code: NotFound
Error,Failed to call the API. Status code: NotFound
Error,Failed to call the API. Status code: NotFound
Error,Failed to call the API. Status code: NotFound
Error,Failed to call the API. Status code: NotFound
Error,Failed to call the API. Status code: NotFound
Error,Failed to call the API. Status code: NotFound
Error,Failed to call the API. Status code: NotFound
Error,Failed to call the API. Status code: NotFound
Error,Failed to call the API. Status code: NotFound
Error,Failed to call the API. Status code: NotFound
Error,Failed to call the API. Status code: NotFound
Error,Failed to call the API. Status code: NotFound
Error,Failed to call the API. Status code: NotFound
Error,Failed to call the API. Status code: NotFound
Error,Failed to call the API. Status code: NotFound
Error,Failed to call the API. Status code: NotFound
Error,Failed to call the API. Status code: NotFound
Error,Failed to call the API. Status code: NotFound
Error,Failed to call the API. Status code: NotFound
Error,Failed to call the API. Status code: NotFound
Error,Failed to call the API. Status code: NotFound
Error,Failed to call the API. Status code: NotFound
Error,Failed to call the API. Status code: NotFound
Error,Failed to call the API. Status code: NotFound
Error,Failed to call the API. Status code: NotFound
Error,Failed to call the API. Status code: NotFound
Error,Failed to call the API. Status code: NotFound
Error,Failed to call the API. Status code: NotFound
Error,Failed to call the API. Status code: NotFound
Error,Failed to call the API. Status code: NotFound
Error,Failed to call the API. Status code: NotFound
Error,Failed to call the API. Status code: NotFound
Error,Failed to call the API. Status code: NotFound
Error,Failed to call the API. Status code: NotFound
Error,Failed to call the API. Status code: NotFound
Error,Failed to call the API. Status code: NotFound
Error,Failed to call the API. Status code: NotFound
Error,Failed to call the API. Status code: NotFound
Error,Failed to call the API. Status code: NotFound
Error,Failed to call the API. Status code: NotFound
Error,Failed to call the API. Status code: NotFound
Error,Failed to call the API. Status code: NotFound
Error,Failed to call the API. Status code: NotFound
Error,Failed to call the API. Status code: NotFound
Error,Failed to call the API. Status code: NotFound
Error,Failed to call the API. Status code: NotFound
Error,Failed to call the API. Status code: NotFound
Error,Failed to call the API. Status code: NotFound
Error,Failed to call the API. Status code: NotFound
Error,Failed to call the API. Status code: NotFound
Error,Failed to call the API. Status code: NotFound
Error,Failed to call the API. Status code: NotFound
Error,Failed to call the API. Status code: NotFound
Error,Failed to call the API. Status code: NotFound
Error,Failed to call the API. Status code: NotFound
Error,Failed to call the API. Status code: NotFound
Error,Failed to call the API. Status code: NotFound
Error,Failed to call the API. Status code: NotFound
Error,Failed to call the API. Status code: NotFound
Error,Failed to call the API. Status code: NotFound
Error,Failed to call the API. Status code: NotFound
Error,Failed to call the API. Status code: NotFound
Error,Failed to call the API. Status code: NotFound
Error,Failed to call the API. Status code: NotFound
Error,Failed to call the API. Status code: NotFound
Error,Failed to call the API. Status code: NotFound
Error,Failed to call the API. Status code: NotFound
Error,Failed to call the API. Status code: NotFound
Error,Failed to call the API. Status code: NotFound
Error,Failed to call the API. Status code: NotFound
Error,Failed to call the API. Status code: NotFound
Error,Failed to call the API. Status code: NotFound
Error,Failed to call the API. Status code: NotFound
Error,Failed to call the API. Status code: NotFound
Error,Failed to call the API. Status code: NotFound
Error,Failed to call the API. Status code: NotFound
Error,Failed to call the API. Status code: NotFound
Error,Failed to call the API. Status code: NotFound
Error,Failed to call the API. Status code: NotFound
Error,Failed to call the API. Status code: NotFound
Error,Failed to call the API. Status code: NotFound
Error,Failed to call the API. Status code: NotFound
Error,Failed to call the API. Status code: NotFound
Error,Failed to call the API. Status code: NotFound
Error,Failed to call the API. Status code: NotFound
Error,Failed to call the API. Status code: NotFound
Error,Failed to call the API. Status code: NotFound
Error,Failed to call the API. Status code: NotFound
Error,Failed to call the API. Status code: NotFound
Error,Failed to call the API. Status code: NotFound
Error,Failed to call the API. Status code: NotFound
Error,Failed to call the API. Status code: NotFound
Error,Failed to call the API. Status code: NotFound
Error,Failed to call the API. Status code: NotFound
Error,Failed to call the API. Status code: NotFound
Error,Failed to call the API. Status code: NotFound
Error,Failed to call the API. Status code: NotFound
Error,Failed to call the API. Status code: NotFound
Error,Failed to call the API. Status code: NotFound
Error,Failed to call the API. Status code: NotFound
Error,Failed to call the API. Status code: NotFound
Error,Failed to call the API. Status code: NotFound
Error,Failed to call the API. Status code: NotFound
Error,Failed to call the API. Status code: NotFound
Error,Failed to call the API. Status code: NotFound
Error,Failed to call the API. Status code: NotFound
Error,Failed to call the API. Status code: NotFound
Error,Failed to call the API. Status code: NotFound
Error,Failed to call the API. Status code: NotFound
Error,Failed to call the API. Status code: NotFound
Error,Failed to call the API. Status code: NotFound
Error,Failed to call the API. Status code: NotFound
Error,Failed to call the API. Status code: NotFound
Error,Failed to call the API. Status code: NotFound
Error,Failed to call the API. Status code: NotFound
Error,Failed to call the API. Status code: NotFound
Error,Failed to call the API. Status code: NotFound
Error,Failed to call the API. Status code: NotFound
Error,Failed to call the API. Status code: NotFound
Error,Failed to call the API. Status code: NotFound
Error,Failed to call the API. Status code: NotFound
Error,Failed to call the API. Status code: NotFound
Error,Failed to call the API. Status code: NotFound
Error,Failed to call the API. Status code: NotFound
Error,Failed to call the API. Status code: NotFound
Error,Failed to call the API. Status code: NotFound
Error,Failed to call the API. Status code: NotFound
Error,Failed to call the API. Status code: NotFound
Error,Failed to call the API. Status code: NotFound
Error,Failed to call the API. Status code: NotFound
Error,Failed to call the API. Status code: NotFound
Error,Failed to call the API. Status code: NotFound
Error,Failed to call the API. Status code: NotFound
Error,Failed to call the API. Status code: NotFound
Error,Failed to call the API. Status code: NotFound
Error,Failed to call the API. Status code: NotFound
Error,Failed to call the API. Status code: NotFound
Error,Failed to call the API. Status code: NotFound
Error,Failed to call the API. Status code: NotFound
Error,Failed to call the API. Status code: NotFound
Error,Failed to call the API. Status code: NotFound
Error,Failed to call the API. Status code: NotFound
Error,Failed to call the API. Status code: NotFound
Error,Failed to call the API. Status code: NotFound
Error,Failed to call the API. Status code: NotFound
Error,Failed to call the API. Status code: NotFound
Error,Failed to call the API. Status code: NotFound
Error,Failed to call the API. Status code: NotFound
Error,Failed to call the API. Status code: NotFound
Error,Failed to call the API. Status code: NotFound
Error,Failed to call the API. Status code: NotFound
Error,Failed to call the API. Status code: NotFound
Error,Failed to call the API. Status code: NotFound
Error,Failed to call the API. Status code: NotFound
Error,Failed to call the API. Status code: NotFound
Error,Failed to call the API. Status code: NotFound
Error,Failed to call the API. Status code: NotFound
Error,Failed to call the API. Status code: NotFound
Error,Failed to call the API. Status code: NotFound
Error,Failed to call the API. Status code: NotFound
Error,Failed to call the API. Status code: NotFound
Error,Failed to call the API. Status code: NotFound
Error,Failed to call the API. Status code: NotFound
Error,Failed to call the API. Status code: NotFound
Error,Failed to call the API. Status code: NotFound
Error,Failed to call the API. Status code: NotFound
Error,Failed to call the API. Status code: NotFound
Error,Failed to call the API. Status code: NotFound
Error,Failed to call the API. Status code: NotFound
Error,Failed to call the API. Status code: NotFound
Error,Failed to call the API. Status code: NotFound
Error,Failed to call the API. Status code: NotFound
Error,Failed to call the API. Status code: NotFound
Error,Failed to call the API. Status code: NotFound
Error,Failed to call the API. Status code: NotFound
Error,Failed to call the API. Status code: NotFound
Error,Failed to call the API. Status code: NotFound
Error,Failed to call the API. Status code: NotFound
Error,Failed to call the API. Status code: NotFound
Error,Failed to call the API. Status code: NotFound
Error,Failed to call the API. Status code: NotFound
Error,Failed to call the API. Status code: NotFound
Error,Failed to call the API. Status code: NotFound
Error,Failed to call the API. Status code: NotFound
Error,Failed to call the API. Status code: NotFound
Error,Failed to call the API. Status code: NotFound
Error,Failed to call the API. Status code: NotFound
Error,Failed to call the API. Status code: NotFound
Error,Failed to call the API. Status code: NotFound
Error,Failed to call the API. Status code: NotFound
Error,Failed to call the API. Status code: NotFound
Error,Failed to call the API. Status code: NotFound
Error,Failed to call the API. Status code: NotFound
Error,Failed to call the API. Status code: NotFound
Error,Failed to call the API. Status code: NotFound
Error,Failed to call the API. Status code: NotFound
Error,Failed to call the API. Status code: NotFound
Error,Failed to call the API. Status code: NotFound
Error,Failed to call the API. Status code: NotFound
Error,Failed to call the API. Status code: NotFound
Error,Failed to call the API. Status code: NotFound
Error,Failed to call the API. Status code: NotFound
Error,Failed to call the API. Status code: NotFound
Error,Failed to call the API. Status code: NotFound
Error,Failed to call the API. Status code: NotFound
Error,Failed to call the API. Status code: NotFound
Error,Failed to call the API. Status code: NotFound
Error,Failed to call the API. Status code: NotFound
Error,Failed to call the API. Status code: NotFound
Error,Failed to call the API. Status code: NotFound
Error,Failed to call the API. Status code: NotFound
Error,Failed to call the API. Status code: NotFound
Error,Failed to call the API. Status code: NotFound
Error,Failed to call the API. Status code: NotFound
Error,Failed to call the API. Status code: NotFound
Error,Failed to call the API. Status code: NotFound
Error,Failed to call the API. Status code: NotFound
Error,Failed to call the API. Status code: NotFound
Error,Failed to call the API. Status code: NotFound
Error,Failed to call the API. Status code: NotFound
Error,Failed to call the API. Status code: NotFound
Error,Failed to call the API. Status code: NotFound
Error,Failed to call the API. Status code: NotFound
Error,Failed to call the API. Status code: NotFound
Error,Failed to call the API. Status code: NotFound
Error,Failed to call the API. Status code: NotFound
Error,Failed to call the API. Status code: NotFound
Error,Failed to call the API. Status code: NotFound
Error,Failed to call the API. Status code: NotFound
Error,Failed to call the API. Status code: NotFound
Error,Failed to call the API. Status code: NotFound
Error,Failed to call the API. Status code: NotFound
Error,Failed to call the API. Status code: NotFound
Error,Failed to call the API. Status code: NotFound
Error,Failed to call the API. Status code: NotFound
Error,Failed to call the API. Status code: NotFound
Error,Failed to call the API. Status code: NotFound
Error,Failed to call the API. Status code: NotFound
Error,Failed to call the API. Status code: NotFound
Error,Failed to call the API. Status code: NotFound
Error,Failed to call the API. Status code: NotFound
Error,Failed to call the API. Status code: NotFound
Error,Failed to call the API. Status code: NotFound
Error,Failed to call the API. Status code: NotFound
Error,Failed to call the API. Status code: NotFound
Error,Failed to call the API. Status code: NotFound
Error,Failed to call the API. Status code: NotFound
Error,Failed to call the API. Status code: NotFound
Error,Failed to call the API. Status code: NotFound
Error,Failed to call the API. Status code: NotFound
Error,Failed to call the API. Status code: NotFound
Error,Failed to call the API. Status code: NotFound
Error,Failed to call the API. Status code: NotFound
Error,Failed to call the API. Status code: NotFound
Error,Failed to call the API. Status code: NotFound
Error,Failed to call the API. Status code: NotFound
Error,Failed to call the API. Status code: NotFound
Error,Failed to call the API. Status code: NotFound
Error,Failed to call the API. Status code: NotFound
Error,Failed to call the API. Status code: NotFound
Error,Failed to call the API. Status code: NotFound
Error,Failed to call the API. Status code: NotFound
Error,Failed to call the API. Status code: NotFound
Error,Failed to call the API. Status code: NotFound
Error,Failed to call the API. Status code: NotFound
Error,Failed to call the API. Status code: NotFound
Error,Failed to call the API. Status code: NotFound
Error,Failed to call the API. Status code: NotFound
Error,Failed to call the API. Status code: NotFound
Error,Failed to call the API. Status code: NotFound
Error,Failed to call the API. Status code: NotFound
Error,Failed to call the API. Status code: NotFound
Error,Failed to call the API. Status code: NotFound
Error,Failed to call the API. Status code: NotFound
Error,Failed to call the API. Status code: NotFound
Error,Failed to call the API. Status code: NotFound
Error,Failed to call the API. Status code: NotFound
Error,Failed to call the API. Status code: NotFound
Error,Failed to call the API. Status code: NotFound
Error,Failed to call the API. Status code: NotFound
Error,Failed to call the API. Status code: NotFound
Error,Failed to call the API. Status code: NotFound
Error,Failed to call the API. Status code: NotFound
Error,Failed to call the API. Status code: NotFound
Error,Failed to call the API. Status code: NotFound
Error,Failed to call the API. Status code: NotFound
Error,Failed to call the API. Status code: NotFound
Error,Failed to call the API. Status code: NotFound
Error,Failed to call the API. Status code: NotFound
Error,Failed to call the API. Status code: NotFound
Error,Failed to call the API. Status code: NotFound
Error,Failed to call the API. Status code: NotFound
Error,Failed to call the API. Status code: NotFound
Error,Failed to call the API. Status code: NotFound
Error,Failed to call the API. Status code: NotFound
Error,Failed to call the API. Status code: NotFound
Error,Failed to call the API. Status code: NotFound
Error,Failed to call the API. Status code: NotFound
Error,Failed to call the API. Status code: NotFound
Error,Failed to call the API. Status code: NotFound
Error,Failed to call the API. Status code: NotFound
Error,Failed to call the API. Status code: NotFound
Error,Failed to call the API. Status code: NotFound
Error,Failed to call the API. Status code: NotFound
Error,Failed to call the API. Status code: NotFound
Error,Failed to call the API. Status code: NotFound
Error,Failed to call the API. Status code: NotFound
Error,Failed to call the API. Status code: NotFound
Error,Failed to call the API. Status code: NotFound
Error,Failed to call the API. Status code: NotFound
Error,Failed to call the API. Status code: NotFound
Error,Failed to call the API. Status code: NotFound
Error,Failed to call the API. Status code: NotFound
Error,Failed to call the API. Status code: NotFound
Error,Failed to call the API. Status code: NotFound
Error,Failed to call the API. Status code: NotFound
Error,Failed to call the API. Status code: NotFound
Error,Failed to call the API. Status code: NotFound
Error,Failed to call the API. Status code: NotFound
Error,Failed to call the API. Status code: NotFound
Error,Failed to call the API. Status code: NotFound
Error,Failed to call the API. Status code: NotFound
Error,Failed to call the API. Status code: NotFound
Error,Failed to call the API. Status code: NotFound
Error,Failed to call the API. Status code: NotFound
Error,Failed to call the API. Status code: NotFound
Error,Failed to call the API. Status code: NotFound
Error,Failed to call the API. Status code: NotFound
Error,Failed to call the API. Status code: NotFound
Error,Failed to call the API. Status code: NotFound
Error,Failed to call the API. Status code: NotFound
Error,Failed to call the API. Status code: NotFound
Error,Failed to call the API. Status code: NotFound
Error,Failed to call the API. Status code: NotFound
Error,Failed to call the API. Status code: NotFound
Error,Failed to call the API. Status code: NotFound
Error,Failed to call the API. Status code: NotFound
Error,Failed to call the API. Status code: NotFound
Error,Failed to call the API. Status code: NotFound
Error,Failed to call the API. Status code: NotFound
Error,Failed to call the API. Status code: NotFound
Error,Failed to call the API. Status code: NotFound
Error,Failed to call the API. Status code: NotFound
Error,Failed to call the API. Status code: NotFound
Error,Failed to call the API. Status code: NotFound
Error,Failed to call the API. Status code: NotFound
Error,Failed to call the API. Status code: NotFound
Error,Failed to call the API. Status code: NotFound
Error,Failed to call the API. Status code: NotFound
Error,Failed to call the API. Status code: NotFound
Error,Failed to call the API. Status code: NotFound
Error,Failed to call the API. Status code: NotFound
Error,Failed to call the API. Status code: NotFound
Error,Failed to call the API. Status code: NotFound
Error,Failed to call the API. Status code: NotFound
Error,Failed to call the API. Status code: NotFound
Error,Failed to call the API. Status code: NotFound
Error,Failed to call the API. Status code: NotFound
Error,Failed to call the API. Status code: NotFound
Error,Failed to call the API. Status code: NotFound
Error,Failed to call the API. Status code: NotFound
Error,Failed to call the API. Status code: NotFound
Error,Failed to call the API. Status code: NotFound
Error,Failed to call the API. Status code: NotFound
Error,Failed to call the API. Status code: NotFound
Error,Failed to call the API. Status code: NotFound
Error,Failed to call the API. Status code: NotFound
Error,Failed to call the API. Status code: NotFound
Error,Failed to call the API. Status code: NotFound
Error,Failed to call the API. Status code: NotFound
Error,Failed to call the API. Status code: NotFound
Error,Failed to call the API. Status code: NotFound
Error,Failed to call the API. Status code: NotFound
Error,Failed to call the API. Status code: NotFound
Error,Failed to call the API. Status code: NotFound
Error,Failed to call the API. Status code: NotFound
Error,Failed to call the API. Status code: NotFound
Error,Failed to call the API. Status code: NotFound
Error,Failed to call the API. Status code: NotFound
Error,Failed to call the API. Status code: NotFound
Error,Failed to call the API. Status code: NotFound
Error,Failed to call the API. Status code: NotFound
Error,Failed to call the API. Status code: NotFound
Error,Failed to call the API. Status code: NotFound
Error,Failed to call the API. Status code: NotFound
Error,Failed to call the API. Status code: NotFound
Error,Failed to call the API. Status code: NotFound
Error,Failed to call the API. Status code: NotFound
Error,Failed to call the API. Status code: NotFound
Error,Failed to call the API. Status code: NotFound
Error,Failed to call the API. Status code: NotFound
Error,Failed to call the API. Status code: NotFound
Error,Failed to call the API. Status code: NotFound
Error,Failed to call the API. Status code: NotFound
Error,Failed to call the API. Status code: NotFound
Error,Failed to call the API. Status code: NotFound
Error,Failed to call the API. Status code: NotFound
Error,Failed to call the API. Status code: NotFound
Error,Failed to call the API. Status code: NotFound
Error,Failed to call the API. Status code: NotFound
Error,Failed to call the API. Status code: NotFound
Error,Failed to call the API. Status code: NotFound
Error,Failed to call the API. Status code: NotFound
Error,Failed to call the API. Status code: NotFound
Error,Failed to call the API. Status code: NotFound
Error,Failed to call the API. Status code: NotFound
Error,Failed to call the API. Status code: NotFound
Error,Failed to call the API. Status code: NotFound
Error,Failed to call the API. Status code: NotFound
Error,Failed to call the API. Status code: NotFound
Error,Failed to call the API. Status code: NotFound
Error,Failed to call the API. Status code: NotFound
Error,Failed to call the API. Status code: NotFound
Error,Failed to call the API. Status code: NotFound
Error,Failed to call the API. Status code: NotFound
Error,Failed to call the API. Status code: NotFound
Error,Failed to call the API. Status code: NotFound
Error,Failed to call the API. Status code: NotFound
Error,Failed to call the API. Status code: NotFound
Error,Failed to call the API. Status code: NotFound
Error,Failed to call the API. Status code: NotFound
Error,Failed to call the API. Status code: NotFound
Error,Failed to call the API. Status code: NotFound
Error,Failed to call the API. Status code: NotFound
Error,Failed to call the API. Status code: NotFound
Error,Failed to call the API. Status code: NotFound
Error,Failed to call the API. Status code: NotFound
Error,Failed to call the API. Status code: NotFound
Error,Failed to call the API. Status code: NotFound
Error,Failed to call the API. Status code: NotFound
Error,Failed to call the API. Status code: NotFound
Error,Failed to call the API. Status code: NotFound
Error,Failed to call the API. Status code: NotFound
Error,Failed to call the API. Status code: NotFound
Error,Failed to call the API. Status code: NotFound
Error,Failed to call the API. Status code: NotFound
Error,Failed to call the API. Status code: NotFound
Error,Failed to call the API. Status code: NotFound
Error,Failed to call the API. Status code: NotFound
Error,Failed to call the API. Status code: NotFound
Error,Failed to call the API. Status code: NotFound
Error,Failed to call the API. Status code: NotFound
Error,Failed to call the API. Status code: NotFound
Error,Failed to call the API. Status code: NotFound
Error,Failed to call the API. Status code: NotFound
Error,Failed to call the API. Status code: NotFound
Error,Failed to call the API. Status code: NotFound
Error,Failed to call the API. Status code: NotFound
Error,Failed to call the API. Status code: NotFound
Error,Failed to call the API. Status code: NotFound
Error,Failed to call the API. Status code: NotFound
Error,Failed to call the API. Status code: NotFound
Error,Failed to call the API. Status code: NotFound
Error,Failed to call the API. Status code: NotFound
Error,Failed to call the API. Status code: NotFound
Error,Failed to call the API. Status code: NotFound
Error,Failed to call the API. Status code: NotFound
Error,Failed to call the API. Status code: NotFound
Error,Failed to call the API. Status code: NotFound
Error,Failed to call the API. Status code: NotFound
Error,Failed to call the API. Status code: NotFound
Error,Failed to call the API. Status code: NotFound
Error,Failed to call the API. Status code: NotFound
Error,Failed to call the API. Status code: NotFound
Error,Failed to call the API. Status code: NotFound
Error,Failed to call the API. Status code: NotFound
Error,Failed to call the API. Status code: NotFound
Error,Failed to call the API. Status code: NotFound
Error,Failed to call the API. Status code: NotFound
Error,Failed to call the API. Status code: NotFound
Error,Failed to call the API. Status code: NotFound
Error,Failed to call the API. Status code: NotFound
Error,Failed to call the API. Status code: NotFound
Error,Failed to call the API. Status code: NotFound
Error,Failed to call the API. Status code: NotFound
Error,Failed to call the API. Status code: NotFound
Error,Failed to call the API. Status code: NotFound
Error,Failed to call the API. Status code: NotFound
Error,Failed to call the API. Status code: NotFound
Error,Failed to call the API. Status code: NotFound
Error,Failed to call the API. Status code: NotFound
Error,Failed to call the API. Status code: NotFound
Error,Failed to call the API. Status code: NotFound
Error,Failed to call the API. Status code: NotFound
Error,Failed to call the API. Status code: NotFound
Error,Failed to call the API. Status code: NotFound
Error,Failed to call the API. Status code: NotFound
Error,Failed to call the API. Status code: NotFound
Error,Failed to call the API. Status code: NotFound
Error,Failed to call the API. Status code: NotFound
Error,Failed to call the API. Status code: NotFound
Error,Failed to call the API. Status code: NotFound
Error,Failed to call the API. Status code: NotFound
Error,Failed to call the API. Status code: NotFound
Error,Failed to call the API. Status code: NotFound
Error,Failed to call the API. Status code: NotFound
Error,Failed to call the API. Status code: NotFound
Error,Failed to call the API. Status code: NotFound
Error,Failed to call the API. Status code: NotFound
Error,Failed to call the API. Status code: NotFound
Error,Failed to call the API. Status code: NotFound
Error,Failed to call the API. Status code: NotFound
Error,Failed to call the API. Status code: NotFound
Error,Failed to call the API. Status code: NotFound
Error,Failed to call the API. Status code: NotFound
Error,Failed to call the API. Status code: NotFound
Error,Failed to call the API. Status code: NotFound
Error,Failed to call the API. Status code: NotFound
Error,Failed to call the API. Status code: NotFound
Error,Failed to call the API. Status code: NotFound
Error,Failed to call the API. Status code: NotFound
Error,Failed to call the API. Status code: NotFound
Error,Failed to call the API. Status code: NotFound
Error,Failed to call the API. Status code: NotFound
Error,Failed to call the API. Status code: NotFound
Error,Failed to call the API. Status code: NotFound
Error,Failed to call the API. Status code: NotFound
Error,Failed to call the API. Status code: NotFound
Error,Failed to call the API. Status code: NotFound
Error,Failed to call the API. Status code: NotFound
Error,Failed to call the API. Status code: NotFound
Error,Failed to call the API. Status code: NotFound
Error,Failed to call the API. Status code: NotFound
Error,Failed to call the API. Status code: NotFound
Error,Failed to call the API. Status code: NotFound
Error,Failed to call the API. Status code: NotFound
Error,Failed to call the API. Status code: NotFound
Error,Failed to call the API. Status code: NotFound
Error,Failed to call the API. Status code: NotFound
Error,Failed to call the API. Status code: NotFound
Error,Failed to call the API. Status code: NotFound
Error,Failed to call the API. Status code: NotFound
Error,Failed to call the API. Status code: NotFound
Error,Failed to call the API. Status code: NotFound
Error,Failed to call the API. Status code: NotFound
Error,Failed to call the API. Status code: NotFound
Error,Failed to call the API. Status code: NotFound
Error,Failed to call the API. Status code: NotFound
Error,Failed to call the API. Status code: NotFound
Error,Failed to call the API. Status code: NotFound
Error,Failed to call the API. Status code: NotFound
Error,Failed to call the API. Status code: NotFound
Error,Failed to call the API. Status code: NotFound
Error,Failed to call the API. Status code: NotFound
Error,Failed to call the API. Status code: NotFound
Error,Failed to call the API. Status code: NotFound
Error,Failed to call the API. Status code: NotFound
Error,Failed to call the API. Status code: NotFound
Error,Failed to call the API. Status code: NotFound
Error,Failed to call the API. Status code: NotFound
Error,Failed to call the API. Status code: NotFound
Error,Failed to call the API. Status code: NotFound
Error,Failed to call the API. Status code: NotFound
Error,Failed to call the API. Status code: NotFound
Error,Failed to call the API. Status code: NotFound
Error,Failed to call the API. Status code: NotFound
Error,Failed to call the API. Status code: NotFound
Error,Failed to call the API. Status code: NotFound
Error,Failed to call the API. Status code: NotFound
Error,Failed to call the API. Status code: NotFound
Error,Failed to call the API. Status code: NotFound
Error,Failed to call the API. Status code: NotFound
Error,Failed to call the API. Status code: NotFound
Error,Failed to call the API. Status code: NotFound
Error,Failed to call the API. Status code: NotFound
Error,Failed to call the API. Status code: NotFound
Error,Failed to call the API. Status code: NotFound
Error,Failed to call the API. Status code: NotFound
Error,Failed to call the API. Status code: NotFound
Error,Failed to call the API. Status code: NotFound
Error,Failed to call the API. Status code: NotFound
Error,Failed to call the API. Status code: NotFound
Error,Failed to call the API. Status code: NotFound
Error,Failed to call the API. Status code: NotFound
Error,Failed to call the API. Status code: NotFound
Error,Failed to call the API. Status code: NotFound
Error,Failed to call the API. Status code: NotFound
Error,Failed to call the API. Status code: NotFound
Error,Failed to call the API. Status code: NotFound
Error,Failed to call the API. Status code: NotFound
Error,Failed to call the API. Status code: NotFound
Error,Failed to call the API. Status code: NotFound
Error,Failed to call the API. Status code: NotFound
Error,Failed to call the API. Status code: NotFound
Error,Failed to call the API. Status code: NotFound
Error,Failed to call the API. Status code: NotFound
Error,Failed to call the API. Status code: NotFound
Error,Failed to call the API. Status code: NotFound
Error,Failed to call the API. Status code: NotFound
Error,Failed to call the API. Status code: NotFound
Error,Failed to call the API. Status code: NotFound
Error,Failed to call the API. Status code: NotFound
Error,Failed to call the API. Status code: NotFound
Error,Failed to call the API. Status code: NotFound
Error,Failed to call the API. Status code: NotFound
Error,Failed to call the API. Status code: NotFound
Error,Failed to call the API. Status code: NotFound
Error,Failed to call the API. Status code: NotFound
Error,Failed to call the API. Status code: NotFound
Error,Failed to call the API. Status code: NotFound
Error,Failed to call the API. Status code: NotFound
Error,Failed to call the API. Status code: NotFound
Error,Failed to call the API. Status code: NotFound
Error,Failed to call the API. Status code: NotFound
Error,Failed to call the API. Status code: NotFound
Error,Failed to call the API. Status code: NotFound
Error,Failed to call the API. Status code: NotFound
Error,Failed to call the API. Status code: NotFound
Error,Failed to call the API. Status code: NotFound
Error,Failed to call the API. Status code: NotFound
Error,Failed to call the API. Status code: NotFound
Error,Failed to call the API. Status code: NotFound
Error,Failed to call the API. Status code: NotFound
Error,Failed to call the API. Status code: NotFound
Error,Failed to call the API. Status code: NotFound
Error,Failed to call the API. Status code: NotFound
Error,Failed to call the API. Status code: NotFound
Error,Failed to call the API. Status code: NotFound
Error,Failed to call the API. Status code: NotFound
Error,Failed to call the API. Status code: NotFound
Error,Failed to call the API. Status code: NotFound
Error,Failed to call the API. Status code: NotFound
Error,Failed to call the API. Status code: NotFound
Error,Failed to call the API. Status code: NotFound
Error,Failed to call the API. Status code: NotFound
Error,Failed to call the API. Status code: NotFound
Error,Failed to call the API. Status code: NotFound
Error,Failed to call the API. Status code: NotFound
Error,Failed to call the API. Status code: NotFound
Error,Failed to call the API. Status code: NotFound
Error,Failed to call the API. Status code: NotFound
Error,Failed to call the API. Status code: NotFound
Error,Failed to call the API. Status code: NotFound
Error,Failed to call the API. Status code: NotFound
Error,Failed to call the API. Status code: NotFound
Error,Failed to call the API. Status code: NotFound
Error,Failed to call the API. Status code: NotFound
Error,Failed to call the API. Status code: NotFound
Error,Failed to call the API. Status code: NotFound
Error,Failed to call the API. Status code: NotFound
Error,Failed to call the API. Status code: NotFound
Error,Failed to call the API. Status code: NotFound
Error,Failed to call the API. Status code: NotFound
Error,Failed to call the API. Status code: NotFound
Error,Failed to call the API. Status code: NotFound
Error,Failed to call the API. Status code: NotFound
Error,Failed to call the API. Status code: NotFound
Error,Failed to call the API. Status code: NotFound
Error,Failed to call the API. Status code: NotFound
Error,Failed to call the API. Status code: NotFound
Error,Failed to call the API. Status code: NotFound
Error,Failed to call the API. Status code: NotFound
Error,Failed to call the API. Status code: NotFound
Error,Failed to call the API. Status code: NotFound
Error,Failed to call the API. Status code: NotFound
Error,Failed to call the API. Status code: NotFound
Error,Failed to call the API. Status code: NotFound
Error,Failed to call the API. Status code: NotFound
Error,Failed to call the API. Status code: NotFound
Error,Failed to call the API. Status code: NotFound
Error,Failed to call the API. Status code: NotFound
Error,Failed to call the API. Status code: NotFound
Error,Failed to call the API. Status code: NotFound
Error,Failed to call the API. Status code: NotFound
Error,Failed to call the API. Status code: NotFound
Error,Failed to call the API. Status code: NotFound
Error,Failed to call the API. Status code: NotFound
Error,Failed to call the API. Status code: NotFound
Error,Failed to call the API. Status code: NotFound
Error,Failed to call the API. Status code: NotFound
Error,Failed to call the API. Status code: NotFound
Error,Failed to call the API. Status code: NotFound
Error,Failed to call the API. Status code: NotFound
Error,Failed to call the API. Status code: NotFound
Error,Failed to call the API. Status code: NotFound
Error,Failed to call the API. Status code: NotFound
Error,Failed to call the API. Status code: NotFound
Error,Failed to call the API. Status code: NotFound
Error,Failed to call the API. Status code: NotFound
Error,Failed to call the API. Status code: NotFound
Error,Failed to call the API. Status code: NotFound
Error,Failed to call the API. Status code: NotFound
Error,Failed to call the API. Status code: NotFound
Error,Failed to call the API. Status code: NotFound
Error,Failed to call the API. Status code: NotFound
Error,Failed to call the API. Status code: NotFound
Error,Failed to call the API. Status code: NotFound
Error,Failed to call the API. Status code: NotFound
Error,Failed to call the API. Status code: NotFound
Error,Failed to call the API. Status code: NotFound
Error,Failed to call the API. Status code: NotFound
Error,Failed to call the API. Status code: NotFound
Error,Failed to call the API. Status code: NotFound
Error,Failed to call the API. Status code: NotFound
Error,Failed to call the API. Status code: NotFound
Error,Failed to call the API. Status code: NotFound
Error,Failed to call the API. Status code: NotFound
Error,Failed to call the API. Status code: NotFound
Error,Failed to call the API. Status code: NotFound
Error,Failed to call the API. Status code: NotFound
Error,Failed to call the API. Status code: NotFound
Error,Failed to call the API. Status code: NotFound
Error,Failed to call the API. Status code: NotFound
Error,Failed to call the API. Status code: NotFound
Error,Failed to call the API. Status code: NotFound
Error,Failed to call the API. Status code: NotFound
Error,Failed to call the API. Status code: NotFound
Error,Failed to call the API. Status code: NotFound
Error,Failed to call the API. Status code: NotFound
Error,Failed to call the API. Status code: NotFound
Error,Failed to call the API. Status code: NotFound
Error,Failed to call the API. Status code: NotFound
Error,Failed to call the API. Status code: NotFound
Error,Failed to call the API. Status code: NotFound
Error,Failed to call the API. Status code: NotFound
Error,Failed to call the API. Status code: NotFound
Error,Failed to call the API. Status code: NotFound
Error,Failed to call the API. Status code: NotFound
Error,Failed to call the API. Status code: NotFound
Error,Failed to call the API. Status code: NotFound
Error,Failed to call the API. Status code: NotFound
Error,Failed to call the API. Status code: NotFound
Error,Failed to call the API. Status code: NotFound
Error,Failed to call the API. Status code: NotFound
Error,Failed to call the API. Status code: NotFound
Error,Failed to call the API. Status code: NotFound
Error,Failed to call the API. Status code: NotFound
Error,Failed to call the API. Status code: NotFound
Error,Failed to call the API. Status code: NotFound
Error,Failed to call the API. Status code: NotFound
Error,Failed to call the API. Status code: NotFound
Error,Failed to call the API. Status code: NotFound
Error,Failed to call the API. Status code: NotFound
Error,Failed to call the API. Status code: NotFound
Error,Failed to call the API. Status code: NotFound
Error,Failed to call the API. Status code: NotFound
Error,Failed to call the API. Status code: NotFound
Error,Failed to call the API. Status code: NotFound
Error,Failed to call the API. Status code: NotFound
Error,Failed to call the API. Status code: NotFound
Error,Failed to call the API. Status code: NotFound
Error,Failed to call the API. Status code: NotFound
Error,Failed to call the API. Status code: NotFound
Error,Failed to call the API. Status code: NotFound
Error,Failed to call the API. Status code: NotFound
Error,Failed to call the API. Status code: NotFound
Error,Failed to call the API. Status code: NotFound
Error,Failed to call the API. Status code: NotFound
Error,Failed to call the API. Status code: NotFound
Error,Failed to call the API. Status code: NotFound
Error,Failed to call the API. Status code: NotFound
Error,Failed to call the API. Status code: NotFound
Error,Failed to call the API. Status code: NotFound
Error,Failed to call the API. Status code: NotFound
Error,Failed to call the API. Status code: NotFound
Error,Failed to call the API. Status code: NotFound
Error,Failed to call the API. Status code: NotFound
Error,Failed to call the API. Status code: NotFound
Error,Failed to call the API. Status code: NotFound
Error,Failed to call the API. Status code: NotFound
Error,Failed to call the API. Status code: NotFound
Error,Failed to call the API. Status code: NotFound
Error,Failed to call the API. Status code: NotFound
Error,Failed to call the API. Status code: NotFound
Error,Failed to call the API. Status code: NotFound
Error,Failed to call the API. Status code: NotFound
Error,Failed to call the API. Status code: NotFound
Error,Failed to call the API. Status code: NotFound
Error,Failed to call the API. Status code: NotFound
Error,Failed to call the API. Status code: NotFound
Error,Failed to call the API. Status code: NotFound
Error,Failed to call the API. Status code: NotFound
Error,Failed to call the API. Status code: NotFound
Error,Failed to call the API. Status code: NotFound
Error,Failed to call the API. Status code: NotFound
Error,Failed to call the API. Status code: NotFound
Error,Failed to call the API. Status code: NotFound
Error,Failed to call the API. Status code: NotFound
Error,Failed to call the API. Status code: NotFound
Error,Failed to call the API. Status code: NotFound
Error,Failed to call the API. Status code: NotFound
Error,Failed to call the API. Status code: NotFound
Error,Failed to call the API. Status code: NotFound
Error,Failed to call the API. Status code: NotFound
Error,Failed to call the API. Status code: NotFound
Error,Failed to call the API. Status code: NotFound
Error,Failed to call the API. Status code: NotFound
Error,Failed to call the API. Status code: NotFound
Error,Failed to call the API. Status code: NotFound
Error,Failed to call the API. Status code: NotFound
Error,Failed to call the API. Status code: NotFound
Error,Failed to call the API. Status code: NotFound
Error,Failed to call the API. Status code: NotFound
Error,Failed to call the API. Status code: NotFound
Error,Failed to call the API. Status code: NotFound
Error,Failed to call the API. Status code: NotFound
Error,Failed to call the API. Status code: NotFound
Error,Failed to call the API. Status code: NotFound
Error,Failed to call the API. Status code: NotFound
Error,Failed to call the API. Status code: NotFound
Error,Failed to call the API. Status code: NotFound
Error,Failed to call the API. Status code: NotFound
Error,Failed to call the API. Status code: NotFound
Error,Failed to call the API. Status code: NotFound
Error,Failed to call the API. Status code: NotFound
Error,Failed to call the API. Status code: NotFound
Error,Failed to call the API. Status code: NotFound
Error,Failed to call the API. Status code: NotFound
Error,Failed to call the API. Status code: NotFound
Error,Failed to call the API. Status code: NotFound
Error,Failed to call the API. Status code: NotFound
Error,Failed to call the API. Status code: NotFound
Error,Failed to call the API. Status code: NotFound
Error,Failed to call the API. Status code: NotFound
Error,Failed to call the API. Status code: NotFound
Error,Failed to call the API. Status code: NotFound
Error,Failed to call the API. Status code: NotFound
Error,Failed to call the API. Status code: NotFound
Error,Failed to call the API. Status code: NotFound
Error,Failed to call the API. Status code: NotFound
Error,Failed to call the API. Status code: NotFound
Error,Failed to call the API. Status code: NotFound
Error,Failed to call the API. Status code: NotFound
Error,Failed to call the API. Status code: NotFound
